Job_Position,Industry,Strategic_BI_Availability,Strategic_BI_Alternatives,Strategic_BI_Alignment,Tactical_BI_Availability,Tactical_BI_Resource_Alloc,Tactical_BI_Data_Decisions,Operational_BI_Availability,Operational_BI_Agility,Operational_BI_Quality,BI_Improves_Decisions,BI_Speed_Accuracy,BI_Data_Inform,BI_Alternative_Solutions,BI_Cost_Barrier,BI_Training_Limit,BI_Flexibility_Issue,BI_Data_Integration_Issue,Strategic_Factor,Tactical_Factor,Operational_Factor,DMQ_Factor,Challenges_Factor,ZStrategic_BI_Availability,ZStrategic_BI_Alternatives,ZStrategic_BI_Alignment,ZTactical_BI_Availability,ZTactical_BI_Resource_Alloc,ZTactical_BI_Data_Decisions,ZOperational_BI_Availability,ZOperational_BI_Agility,ZOperational_BI_Quality,ZBI_Improves_Decisions,ZBI_Speed_Accuracy,ZBI_Data_Inform,ZBI_Alternative_Solutions,filter_$,Strategic_Mean,Tactical_Mean,Operational_Mean,Decision_Making_Quality,MAH_1
5,3,1,1,1,1,1,1,1,3,2,2,1,1,2,5,5,5,4,-3.54013268912909,-3.96805532116047,-2.39402965671046,-3.11510262217848,1.74873707299711,-2.77098494974154,-2.9896496229713,-3.22752367338165,-3.00601639551803,-3.34100552361818,-3.50434356227071,-2.92095596970757,-.998910050319196,-2.11268806932011,-2.14304098566352,-2.87281572434097,-3.33622186673579,-1.9093977366088,0,1,1,2,1.5,17.0918888652264
4,3,2,2,3,3,4,4,5,5,5,4,5,5,4,5,3,3,3,-1.80365945953642,-.147183139810843,1.58622029517949,.914266992043481,-.170121891550575,-1.72341746874169,-1.89930681929941,-.93184717912166,-.78729000834996,.278957742748701,.110118004729395,1.26631039149172,1.35295411878676,1.35460587974054,.174433568600519,1.26938369215066,1.20983869892616,.324237351499607,0,2.33333333333333,3.66666666666667,5,4.5,16.9068487427924
1,5,2,1,1,1,1,1,1,1,2,2,2,1,2,4,2,1,1,-3.13577868026735,-3.96805532116047,-3.34825650708221,-2.78722479325019,-2.43364836192151,-1.72341746874169,-2.9896496229713,-3.22752367338165,-3.00601639551803,-3.34100552361818,-3.50434356227071,-2.92095596970757,-3.35077421942515,-2.11268806932011,-2.14304098566352,-1.83726587021806,-3.33622186673579,-1.9093977366088,0,1.33333333333333,1,1.33333333333333,1.75,16.3807468908596
1,4,5,5,5,5,4,1,5,5,4,5,4,4,5,5,2,1,3,1.63627697165817,-.726821263113019,1.12488217430215,.913338837582746,-1.29481719418247,1.41928497425786,1.37172159171625,1.36382931513833,1.43143637881811,.278957742748701,-3.50434356227071,1.26631039149172,1.35295411878676,.198841230053656,1.33317084573254,.233833838027752,.0733235575106761,1.44105489555381,0,5,3.33333333333333,4.66666666666667,4.5,13.5906015095065
5,2,2,1,1,2,1,2,3,3,2,1,2,2,2,4,4,3,4,-3.13577868026735,-3.05276051412145,-1.57302528726738,-2.79107943417658,.325206015768122,-1.72341746874169,-2.9896496229713,-3.22752367338165,-1.896653201934,-3.34100552361818,-2.29952303993734,-.827322789107926,-.998910050319196,-2.11268806932011,-3.30177826279554,-1.83726587021806,-2.1997067253203,-1.9093977366088,0,1.33333333333333,1.66666666666667,2.66666666666667,1.75,12.3512415790328
5,3,1,4,4,3,4,4,3,2,1,3,4,5,5,1,4,2,4,-.870887470123857,-.147183139810843,-2.5114768333306,.561636397467682,-.946565921666699,-2.77098494974154,.28137878804436,.215991068008333,-.78729000834996,.278957742748701,.110118004729395,-.827322789107926,-2.17484213487217,-3.26845271900699,-.984303708531502,.233833838027752,1.20983869892616,1.44105489555381,0,3,3.66666666666667,2,4.25,11.4624971012871
5,2,2,2,2,2,2,2,1,1,2,2,1,2,1,2,2,1,2,-2.24603027393228,-2.55001484085627,-3.34825650708221,-3.09420449745736,-2.61132216454473,-1.72341746874169,-1.89930681929941,-2.07968542625165,-1.896653201934,-2.13435110149588,-2.29952303993734,-2.92095596970757,-3.35077421942515,-2.11268806932011,-2.14304098566352,-2.87281572434097,-2.1997067253203,-3.026215280663,0,2,2,1.33333333333333,1.5,11.3063759721064
2,2,4,4,5,4,3,3,5,5,5,5,5,5,5,3,3,3,3,.78454537085721,-.698725100989096,1.58622029517949,1.58520982477332,-.767793400744763,.371717493258012,.28137878804436,1.36382931513833,.322073185234076,-.927696679373592,-1.09470251760397,1.26631039149172,1.35295411878676,1.35460587974054,1.33317084573254,1.26938369215066,1.20983869892616,1.44105489555381,0,4.33333333333333,3.33333333333333,5,5,10.4776956474669
5,2,1,3,3,4,4,4,3,3,3,4,3,2,5,3,4,3,3,-1.76063587645894,.28606611975213,-1.11168716639003,-.450373107058784,-.393627445399942,-2.77098494974154,-.808964015627527,-.93184717912166,.322073185234076,.278957742748701,.110118004729395,-.827322789107926,-.998910050319196,-.956923419633225,.174433568600519,-.801716016095154,-2.1997067253203,1.44105489555381,0,2.33333333333333,4,3,3.5,10.2098141352766
5,3,2,2,3,4,3,3,5,4,4,2,2,3,4,2,1,3,3,-1.80365945953642,-.698725100989096,.64776874911627,-1.4530484096433,-1.8149610660315,-1.72341746874169,-1.89930681929941,-.93184717912166,.322073185234076,-.927696679373592,-1.09470251760397,1.26631039149172,.177022034233782,.198841230053656,-2.14304098566352,-1.83726587021806,-1.06319158390481,.324237351499607,0,2.33333333333333,3.33333333333333,4.33333333333333,2.75,9.17312790170057
5,5,3,4,3,4,5,5,3,3,4,4,4,4,4,3,3,4,4,-.504550266796234,1.27085734049336,-.650349045512687,.242396004852909,.0274689794697467,-.675849987741839,.28137878804436,-.93184717912166,.322073185234076,1.48561216487099,1.31493852706276,-.827322789107926,-.998910050319196,.198841230053656,.174433568600519,.233833838027752,.0733235575106761,.324237351499607,0,3.33333333333333,4.66666666666667,3.33333333333333,4,9.13724462539734
5,3,1,2,2,3,3,3,3,3,3,3,4,3,4,5,5,3,3,-2.65038428279401,-1.13197436055207,-1.11168716639003,-.449444952598049,.578210019139066,-2.77098494974154,-1.89930681929941,-2.07968542625165,-.78729000834996,-.927696679373592,-1.09470251760397,-.827322789107926,-.998910050319196,-.956923419633225,-.984303708531502,.233833838027752,-1.06319158390481,.324237351499607,0,1.66666666666667,3,3,3.5,8.8558270171472
1,2,1,1,4,3,3,4,2,3,3,2,3,3,3,3,5,3,3,-2.21302024594153,-.649928813076028,-1.52218935111157,-1.44826561425617,-.0194614900551215,-2.77098494974154,-2.9896496229713,.215991068008333,-.78729000834996,-.927696679373592,.110118004729395,-1.87413937940775,-.998910050319196,-.956923419633225,-2.14304098566352,-.801716016095154,-1.06319158390481,-.792580192554597,0,2,3.33333333333333,2.66666666666667,2.75,7.9322491016988
5,2,3,3,4,3,2,2,3,3,4,3,3,4,3,3,3,3,3,-.509557044339606,-2.11676558129329,-.650349045512687,-.756424656805215,-.767793400744763,-.675849987741839,-.808964015627527,.215991068008333,-.78729000834996,-2.13435110149588,-2.29952303993734,-.827322789107926,-.998910050319196,.198841230053656,-.984303708531502,-.801716016095154,.0733235575106761,-.792580192554597,0,3.33333333333333,2.33333333333333,3.33333333333333,3.25,7.7484217159813
2,2,2,2,2,2,3,3,2,2,2,2,2,2,2,2,2,1,2,-2.24603027393228,-1.56522362011504,-2.4606408971748,-2.44323163498791,-2.61132216454473,-1.72341746874169,-1.89930681929941,-2.07968542625165,-1.896653201934,-.927696679373592,-1.09470251760397,-1.87413937940775,-2.17484213487217,-2.11268806932011,-2.14304098566352,-1.83726587021806,-2.1997067253203,-1.9093977366088,0,2,2.66666666666667,2,2,7.3996366827585
5,4,5,5,5,3,4,4,4,3,5,5,5,4,4,5,5,3,3,1.63627697165817,-.147183139810843,.2214912600862,.918121632969871,.578210019139066,1.41928497425786,1.37172159171625,1.36382931513833,-.78729000834996,.278957742748701,.110118004729395,.219493801191899,-.998910050319196,1.35460587974054,1.33317084573254,1.26938369215066,.0733235575106761,.324237351499607,0,5,3.66666666666667,4,4.5,7.16339223810848
5,3,4,4,5,2,3,4,3,4,4,4,4,5,4,2,3,4,3,.78454537085721,-1.083178072639,-.173235620326811,.586389163115193,-.691364481698317,.371717493258012,.28137878804436,1.36382931513833,-1.896653201934,-.927696679373592,.110118004729395,-.827322789107926,.177022034233782,.198841230053656,.174433568600519,.233833838027752,1.20983869892616,.324237351499607,0,4.33333333333333,3,3.66666666666667,4.25,7.1190521826947
5,2,3,4,4,4,4,4,4,2,2,2,2,4,4,4,4,4,4,-.0621794524003811,.28606611975213,-1.63963652773171,-1.10905525138102,.700470689411661,-.675849987741839,.28137878804436,.215991068008333,.322073185234076,.278957742748701,.110118004729395,.219493801191899,-2.17484213487217,-2.11268806932011,-2.14304098566352,-1.83726587021806,.0733235575106761,.324237351499607,0,3.66666666666667,4,2.66666666666667,3,6.81975674303979
2,1,5,5,4,4,5,5,2,4,4,5,5,5,4,4,3,3,4,1.19390615726232,1.27085734049336,-.583737805048352,1.26211479123216,-.0489599395766987,1.41928497425786,1.37172159171625,.215991068008333,.322073185234076,1.48561216487099,1.31493852706276,-1.87413937940775,.177022034233782,.198841230053656,1.33317084573254,1.26938369215066,1.20983869892616,.324237351499607,0,4.66666666666667,4.66666666666667,3.33333333333333,4.75,6.8173676576392
3,1,4,2,2,4,2,5,5,4,4,5,4,3,3,1,4,2,4,-1.4373222562088,-.2373796793022,.64776874911627,-.076844387761863,-.946565921666699,.371717493258012,-1.89930681929941,-2.07968542625165,.322073185234076,-2.13435110149588,1.31493852706276,1.26631039149172,.177022034233782,.198841230053656,1.33317084573254,.233833838027752,-1.06319158390481,-.792580192554597,0,2.66666666666667,3.66666666666667,4.33333333333333,3.75,6.73579012415839
1,4,3,3,3,3,2,3,4,4,4,4,4,4,3,3,3,3,3,-.951927858735459,-1.63472003381725,.237266564394729,-.080699028688253,-.767793400744763,-.675849987741839,-.808964015627527,-.93184717912166,-.78729000834996,-2.13435110149588,-1.09470251760397,.219493801191899,.177022034233782,.198841230053656,.174433568600519,.233833838027752,.0733235575106761,-.792580192554597,0,3,2.66666666666667,4,3.75,6.43663192389249
5,2,5,3,4,5,3,4,2,4,2,4,5,4,5,4,3,4,5,.29915097338387,.216569706049918,-1.50641404680304,.89336886732236,.746302440637811,1.41928497425786,-.808964015627527,.215991068008333,1.43143637881811,-.927696679373592,.110118004729395,-1.87413937940775,.177022034233782,-2.11268806932011,.174433568600519,1.26938369215066,.0733235575106761,1.44105489555381,0,4,4,2.66666666666667,4.5,6.2246682208739
5,5,3,2,3,2,3,3,2,3,1,2,3,3,3,1,5,4,4,-1.39930545067468,-1.56522362011504,-2.44486559286627,-1.44826561425617,.1781293809652,-.675849987741839,-1.89930681929941,-.93184717912166,-1.896653201934,-.927696679373592,-1.09470251760397,-1.87413937940775,-.998910050319196,-3.26845271900699,-2.14304098566352,-.801716016095154,-1.06319158390481,-.792580192554597,0,2.66666666666667,2.66666666666667,2,2.75,6.05796852109893
3,2,2,2,2,2,3,3,2,2,3,3,2,2,2,2,3,3,3,-2.24603027393228,-1.56522362011504,-1.99930277629745,-2.09538383579923,-1.06662915534186,-1.72341746874169,-1.89930681929941,-2.07968542625165,-1.896653201934,-.927696679373592,-1.09470251760397,-1.87413937940775,-2.17484213487217,-.956923419633225,-.984303708531502,-1.83726587021806,-2.1997067253203,-1.9093977366088,0,2,2.66666666666667,2.33333333333333,2.25,5.80401919729558
5,2,4,3,5,4,3,4,2,3,3,4,3,5,5,4,2,3,1,.337167778917985,-.216679553513055,-1.52218935111157,.581606367728068,-1.68311901463443,.371717493258012,-.808964015627527,1.36382931513833,.322073185234076,-.927696679373592,.110118004729395,-1.87413937940775,-.998910050319196,-.956923419633225,.174433568600519,-.801716016095154,1.20983869892616,1.44105489555381,0,4,3.66666666666667,2.66666666666667,4.25,5.54005566113896
5,4,4,4,4,3,4,2,3,4,2,3,3,4,3,2,5,4,3,.342174556461357,-1.11127423476292,-1.0959118620815,-.756424656805215,.0569674289913239,.371717493258012,.28137878804436,.215991068008333,-.78729000834996,.278957742748701,-2.29952303993734,-.827322789107926,.177022034233782,-2.11268806932011,-.984303708531502,-.801716016095154,.0733235575106761,-.792580192554597,0,4,3,3,3.25,5.4079218483452
3,3,5,3,4,3,2,4,3,3,3,4,3,4,2,4,5,5,5,.29915097338387,-1.15267448634121,-1.11168716639003,-.731671891157703,1.86989902497099,1.41928497425786,-.808964015627527,.215991068008333,-.78729000834996,-2.13435110149588,.110118004729395,-.827322789107926,-.998910050319196,-.956923419633225,.174433568600519,-.801716016095154,.0733235575106761,-1.9093977366088,0,4,3,3,3.25,5.39016146075629
5,3,3,3,2,3,2,2,2,2,3,2,2,2,3,1,2,1,4,-1.39429867313131,-2.11676558129329,-1.99930277629745,-2.12013660144675,-2.07016250599988,-.675849987741839,-.808964015627527,-2.07968542625165,-.78729000834996,-2.13435110149588,-2.29952303993734,-1.87413937940775,-2.17484213487217,-.956923419633225,-2.14304098566352,-1.83726587021806,-2.1997067253203,-.792580192554597,0,2.66666666666667,2.33333333333333,2.33333333333333,2.25,5.28031815304918
1,1,4,4,4,2,4,3,4,4,4,3,5,3,4,4,4,3,2,.342174556461357,-1.06247794684986,.237266564394729,-.121567123669761,-.514789397373818,.371717493258012,.28137878804436,.215991068008333,-1.896653201934,.278957742748701,-1.09470251760397,.219493801191899,.177022034233782,.198841230053656,-.984303708531502,1.26938369215066,-1.06319158390481,.324237351499607,0,4,3,4,3.75,5.0140729407231
3,3,4,4,3,4,4,4,5,5,5,4,4,5,4,4,4,2,2,-.100196257934496,.28606611975213,1.58622029517949,.586389163115193,-.890054071017358,.371717493258012,.28137878804436,-.93184717912166,.322073185234076,.278957742748701,.110118004729395,1.26631039149172,1.35295411878676,1.35460587974054,.174433568600519,.233833838027752,1.20983869892616,.324237351499607,0,3.66666666666667,4,5,4.25,4.9714792586631
4,1,3,4,4,4,4,4,5,5,5,4,4,4,3,5,5,3,4,-.0621794524003811,.28606611975213,1.58622029517949,-.080699028688253,.998207725710036,-.675849987741839,.28137878804436,.215991068008333,.322073185234076,.278957742748701,.110118004729395,1.26631039149172,1.35295411878676,1.35460587974054,.174433568600519,.233833838027752,.0733235575106761,-.792580192554597,0,3.66666666666667,4,5,3.75,4.84783297454641
4,2,3,4,4,4,4,4,5,5,5,5,4,4,4,4,4,4,4,-.0621794524003811,.28606611975213,1.58622029517949,.590243804041583,.700470689411661,-.675849987741839,.28137878804436,.215991068008333,.322073185234076,.278957742748701,.110118004729395,1.26631039149172,1.35295411878676,1.35460587974054,1.33317084573254,.233833838027752,.0733235575106761,.324237351499607,0,3.66666666666667,4,5,4.25,4.84783297454641
4,4,5,5,5,4,4,4,5,3,5,4,4,4,4,4,5,4,3,1.63627697165817,.28606611975213,.63199344480774,.242396004852909,.654638938185512,1.41928497425786,1.37172159171625,1.36382931513833,.322073185234076,.278957742748701,.110118004729395,1.26631039149172,-.998910050319196,1.35460587974054,.174433568600519,.233833838027752,.0733235575106761,.324237351499607,0,5,4,4.33333333333333,4,4.74876673372831
5,2,4,5,5,3,4,4,4,4,5,4,4,4,4,5,5,3,4,1.23192296279644,-.147183139810843,.698604685272075,.242396004852909,.998207725710036,.371717493258012,1.37172159171625,1.36382931513833,-.78729000834996,.278957742748701,.110118004729395,.219493801191899,.177022034233782,1.35460587974054,.174433568600519,.233833838027752,.0733235575106761,.324237351499607,0,4.66666666666667,3.66666666666667,4.33333333333333,4,4.52851811258322
3,1,3,2,4,3,2,3,3,4,4,3,4,5,4,4,5,4,3,-.956934636278831,-1.63472003381725,-.173235620326811,.238541363926519,.654638938185512,-.675849987741839,-1.89930681929941,.215991068008333,-.78729000834996,-2.13435110149588,-1.09470251760397,-.827322789107926,.177022034233782,.198841230053656,-.984303708531502,.233833838027752,1.20983869892616,.324237351499607,0,3,2.66666666666667,3.66666666666667,4,4.52812836080218
5,5,3,4,3,2,3,3,3,3,2,2,1,4,3,3,5,5,3,-.504550266796234,-1.56522362011504,-1.57302528726738,-1.76002811385047,.731067857231957,-.675849987741839,.28137878804436,-.93184717912166,-1.896653201934,-.927696679373592,-1.09470251760397,-.827322789107926,-.998910050319196,-2.11268806932011,-2.14304098566352,-2.87281572434097,.0733235575106761,-.792580192554597,0,3.33333333333333,2.66666666666667,2.66666666666667,2.5,4.48178243970038
2,4,3,3,4,3,5,4,5,5,4,5,4,5,4,5,5,4,5,-.509557044339606,.355562533454342,1.12488217430215,.934236962303867,1.79347010592455,-.675849987741839,-.808964015627527,.215991068008333,-.78729000834996,1.48561216487099,.110118004729395,1.26631039149172,1.35295411878676,.198841230053656,1.33317084573254,.233833838027752,1.20983869892616,.324237351499607,0,3.33333333333333,4,4.66666666666667,4.5,4.13789110805991
5,5,5,5,5,5,5,5,5,4,4,5,5,5,5,4,5,1,3,1.63627697165817,1.70410660005633,.64776874911627,1.58520982477332,-.471155082745106,1.41928497425786,1.37172159171625,1.36382931513833,1.43143637881811,1.48561216487099,1.31493852706276,1.26631039149172,.177022034233782,.198841230053656,1.33317084573254,1.26938369215066,1.20983869892616,1.44105489555381,0,5,5,4.33333333333333,5,4.0939131860558
4,2,4,4,3,5,4,5,5,4,3,5,4,3,4,4,4,4,5,-.100196257934496,1.20136092679114,.186430628238924,.246250645779299,1.12046839598263,.371717493258012,.28137878804436,-.93184717912166,1.43143637881811,.278957742748701,1.31493852706276,1.26631039149172,.177022034233782,-.956923419633225,1.33317084573254,.233833838027752,-1.06319158390481,.324237351499607,0,3.66666666666667,4.66666666666667,4,4,4.04486410146268
3,4,5,5,5,5,5,5,4,5,4,5,4,4,4,4,4,4,4,1.63627697165817,1.70410660005633,.714379989580605,.590243804041583,.700470689411661,1.41928497425786,1.37172159171625,1.36382931513833,1.43143637881811,1.48561216487099,1.31493852706276,.219493801191899,1.35295411878676,.198841230053656,1.33317084573254,.233833838027752,.0733235575106761,.324237351499607,0,5,5,4.33333333333333,4.25,3.91882259456163
5,3,5,4,4,5,5,5,5,4,4,5,4,5,5,5,5,5,5,.746528565323095,1.70410660005633,.64776874911627,1.25733199584503,2.16873477956808,1.41928497425786,.28137878804436,.215991068008333,1.43143637881811,1.48561216487099,1.31493852706276,1.26631039149172,.177022034233782,.198841230053656,1.33317084573254,.233833838027752,1.20983869892616,1.44105489555381,0,4.33333333333333,5,4.33333333333333,4.75,3.88571502298025
3,5,5,5,5,4,4,5,3,4,5,5,4,5,4,5,5,3,2,1.63627697165817,.768111667228171,.288102500550535,.934236962303867,.158212312568096,1.41928497425786,1.37172159171625,1.36382931513833,.322073185234076,.278957742748701,1.31493852706276,-.827322789107926,.177022034233782,1.35460587974054,1.33317084573254,.233833838027752,1.20983869892616,.324237351499607,0,5,4.33333333333333,4,4.5,3.859941014839
4,4,3,4,5,4,5,3,2,3,4,4,3,4,5,2,2,3,4,.380191361995472,.306766245541275,-1.06085123023423,.237613209465784,-1.02079740411571,-.675849987741839,.28137878804436,1.36382931513833,.322073185234076,1.48561216487099,-1.09470251760397,-1.87413937940775,-.998910050319196,.198841230053656,.174433568600519,-.801716016095154,.0733235575106761,1.44105489555381,0,4,4,3,4,3.85161965623279
5,5,4,3,4,4,5,4,3,3,4,3,4,3,3,4,3,3,4,-.105203035477868,.788811793017315,-.650349045512687,-.772539986139211,-.0489599395766987,.371717493258012,-.808964015627527,.215991068008333,.322073185234076,1.48561216487099,.110118004729395,-.827322789107926,-.998910050319196,.198841230053656,-.984303708531502,.233833838027752,-1.06319158390481,-.792580192554597,0,3.66666666666667,4.33333333333333,3.33333333333333,3.25,3.84940351728356
5,3,5,4,4,5,5,5,4,4,5,5,4,5,5,5,4,5,5,.746528565323095,1.70410660005633,.698604685272075,1.25733199584503,1.79456882422326,1.41928497425786,.28137878804436,.215991068008333,1.43143637881811,1.48561216487099,1.31493852706276,.219493801191899,.177022034233782,1.35460587974054,1.33317084573254,.233833838027752,1.20983869892616,1.44105489555381,0,4.33333333333333,5,4.33333333333333,4.75,3.80806188879235
5,3,2,4,4,4,4,4,5,4,5,4,4,4,4,5,4,4,4,-.466533461262119,.28606611975213,1.10910686999362,.242396004852909,.999306444008755,-1.72341746874169,.28137878804436,.215991068008333,.322073185234076,.278957742748701,.110118004729395,1.26631039149172,.177022034233782,1.35460587974054,.174433568600519,.233833838027752,.0733235575106761,.324237351499607,0,3.33333333333333,4,4.66666666666667,4,3.79178935907307
4,4,4,5,4,5,5,5,4,4,5,4,5,4,5,4,5,5,5,.789552148400582,1.70410660005633,.698604685272075,.89336886732236,1.86989902497099,.371717493258012,1.37172159171625,.215991068008333,1.43143637881811,1.48561216487099,1.31493852706276,.219493801191899,.177022034233782,1.35460587974054,.174433568600519,1.26938369215066,.0733235575106761,1.44105489555381,0,4.33333333333333,5,4.33333333333333,4.5,3.72415308608258
3,3,3,2,3,3,4,3,2,4,2,4,3,3,2,2,3,3,2,-1.39930545067468,-.629228687286884,-1.50641404680304,-1.07566504941999,-1.48662686191283,-.675849987741839,-1.89930681929941,-.93184717912166,-.78729000834996,.278957742748701,-1.09470251760397,-1.87413937940775,.177022034233782,-2.11268806932011,.174433568600519,-.801716016095154,-1.06319158390481,-1.9093977366088,0,2.66666666666667,3.33333333333333,2.66666666666667,3,3.69565981211959
3,5,3,2,3,4,4,3,2,4,4,3,4,4,5,3,4,3,4,-1.39930545067468,-.195979427723911,-.583737805048352,.217643239205398,.0263702611710281,-.675849987741839,-1.89930681929941,-.93184717912166,.322073185234076,.278957742748701,-1.09470251760397,-1.87413937940775,.177022034233782,.198841230053656,-.984303708531502,.233833838027752,.0733235575106761,1.44105489555381,0,2.66666666666667,3.66666666666667,3.33333333333333,4,3.6711628354106
5,5,3,3,3,4,4,4,4,4,4,4,4,4,3,3,3,3,3,-.951927858735459,.28606611975213,.237266564394729,-.080699028688253,-.767793400744763,-.675849987741839,-.808964015627527,-.93184717912166,.322073185234076,.278957742748701,.110118004729395,.219493801191899,.177022034233782,.198841230053656,.174433568600519,.233833838027752,.0733235575106761,-.792580192554597,0,3,4,4,3.75,3.55110425767508
5,3,2,2,3,2,3,3,3,2,3,3,2,3,3,2,2,2,2,-1.80365945953642,-1.56522362011504,-1.58880059157591,-1.42829564399579,-2.23605749090119,-1.72341746874169,-1.89930681929941,-.93184717912166,-1.896653201934,-.927696679373592,-1.09470251760397,-.827322789107926,-2.17484213487217,-.956923419633225,-.984303708531502,-1.83726587021806,-1.06319158390481,-.792580192554597,0,2.33333333333333,2.66666666666667,2.66666666666667,2.75,3.54967058909061
1,1,4,5,5,5,5,5,5,4,4,5,5,5,5,5,5,5,5,1.23192296279644,1.70410660005633,.64776874911627,1.58520982477332,2.16873477956808,.371717493258012,1.37172159171625,1.36382931513833,1.43143637881811,1.48561216487099,1.31493852706276,1.26631039149172,.177022034233782,.198841230053656,1.33317084573254,1.26938369215066,1.20983869892616,1.44105489555381,0,4.66666666666667,5,4.33333333333333,5,3.50800125162885
5,3,2,3,3,4,3,3,2,3,3,3,3,3,3,2,4,2,2,-1.3562818675972,-.698725100989096,-1.52218935111157,-1.1004178150675,-1.48772558021155,-1.72341746874169,-.808964015627527,-.93184717912166,.322073185234076,-.927696679373592,-1.09470251760397,-1.87413937940775,-.998910050319196,-.956923419633225,-.984303708531502,-.801716016095154,-1.06319158390481,-.792580192554597,0,2.66666666666667,3.33333333333333,2.66666666666667,3,3.38656906805357
5,5,2,2,3,3,3,3,3,3,3,2,2,3,4,3,2,3,3,-1.80365945953642,-1.13197436055207,-1.11168716639003,-1.4530484096433,-1.14195935608958,-1.72341746874169,-1.89930681929941,-.93184717912166,-.78729000834996,-.927696679373592,-1.09470251760397,-.827322789107926,-.998910050319196,-.956923419633225,-2.14304098566352,-1.83726587021806,-1.06319158390481,.324237351499607,0,2.33333333333333,3,3,2.75,3.37441411153
5,4,5,5,5,5,5,5,5,5,5,5,5,5,5,5,5,2,3,1.63627697165817,1.70410660005633,1.58622029517949,1.58520982477332,.202945345495527,1.41928497425786,1.37172159171625,1.36382931513833,1.43143637881811,1.48561216487099,1.31493852706276,1.26631039149172,1.35295411878676,1.35460587974054,1.33317084573254,1.26938369215066,1.20983869892616,1.44105489555381,0,5,5,5,5,3.36625309955671
4,5,5,5,5,5,5,5,5,5,5,5,4,4,4,4,5,3,5,1.63627697165817,1.70410660005633,1.58622029517949,.590243804041583,1.11936967768391,1.41928497425786,1.37172159171625,1.36382931513833,1.43143637881811,1.48561216487099,1.31493852706276,1.26631039149172,1.35295411878676,1.35460587974054,1.33317084573254,.233833838027752,.0733235575106761,.324237351499607,0,5,5,5,4.25,3.36625309955671
3,5,5,5,5,5,5,5,5,5,5,5,5,5,5,5,5,4,4,1.63627697165817,1.70410660005633,1.58622029517949,1.58520982477332,1.37347239935358,1.41928497425786,1.37172159171625,1.36382931513833,1.43143637881811,1.48561216487099,1.31493852706276,1.26631039149172,1.35295411878676,1.35460587974054,1.33317084573254,1.26938369215066,1.20983869892616,1.44105489555381,0,5,5,5,5,3.36625309955671
4,2,5,5,5,5,5,5,5,5,5,5,5,5,5,5,5,5,5,1.63627697165817,1.70410660005633,1.58622029517949,1.58520982477332,2.16873477956808,1.41928497425786,1.37172159171625,1.36382931513833,1.43143637881811,1.48561216487099,1.31493852706276,1.26631039149172,1.35295411878676,1.35460587974054,1.33317084573254,1.26938369215066,1.20983869892616,1.44105489555381,0,5,5,5,5,3.36625309955671
3,5,5,5,5,5,5,5,5,5,5,5,5,5,5,2,4,2,4,1.63627697165817,1.70410660005633,1.58622029517949,1.58520982477332,-.647730167069605,1.41928497425786,1.37172159171625,1.36382931513833,1.43143637881811,1.48561216487099,1.31493852706276,1.26631039149172,1.35295411878676,1.35460587974054,1.33317084573254,1.26938369215066,1.20983869892616,1.44105489555381,0,5,5,5,5,3.36625309955671
5,5,5,5,5,5,4,4,4,4,5,4,4,4,5,4,4,4,4,1.63627697165817,.719315379315103,.698604685272075,.565491038394072,.700470689411661,1.41928497425786,1.37172159171625,1.36382931513833,1.43143637881811,.278957742748701,.110118004729395,.219493801191899,.177022034233782,1.35460587974054,.174433568600519,.233833838027752,.0733235575106761,1.44105489555381,0,5,4.33333333333333,4.33333333333333,4.25,3.32438976056189
4,5,4,3,3,4,3,3,5,4,4,3,5,4,4,2,2,3,2,-.547573849873721,-.698725100989096,.64776874911627,.222426034592523,-1.86079281725765,.371717493258012,-.808964015627527,-.93184717912166,.322073185234076,-.927696679373592,-1.09470251760397,1.26631039149172,.177022034233782,.198841230053656,-.984303708531502,1.26938369215066,.0733235575106761,.324237351499607,0,3.33333333333333,3.33333333333333,4.33333333333333,4,3.26890304424117
2,3,4,5,5,5,5,5,5,5,5,4,5,5,4,5,5,5,3,1.23192296279644,1.70410660005633,1.58622029517949,.914266992043481,1.32873936642614,.371717493258012,1.37172159171625,1.36382931513833,1.43143637881811,1.48561216487099,1.31493852706276,1.26631039149172,1.35295411878676,1.35460587974054,.174433568600519,1.26938369215066,1.20983869892616,.324237351499607,0,4.66666666666667,5,5,4.5,3.26421323155006
4,4,4,5,5,5,5,5,5,5,5,5,5,5,5,4,4,4,4,1.23192296279644,1.70410660005633,1.58622029517949,1.58520982477332,.700470689411661,.371717493258012,1.37172159171625,1.36382931513833,1.43143637881811,1.48561216487099,1.31493852706276,1.26631039149172,1.35295411878676,1.35460587974054,1.33317084573254,1.26938369215066,1.20983869892616,1.44105489555381,0,4.66666666666667,5,5,5,3.26421323155006
5,2,5,5,5,5,5,5,5,5,4,4,5,5,4,4,5,5,5,1.63627697165817,1.70410660005633,1.12488217430215,.914266992043481,1.86989902497099,1.41928497425786,1.37172159171625,1.36382931513833,1.43143637881811,1.48561216487099,1.31493852706276,1.26631039149172,1.35295411878676,.198841230053656,.174433568600519,1.26938369215066,1.20983869892616,.324237351499607,0,5,5,4.66666666666667,4.5,3.25610594954468
5,4,4,3,3,2,4,4,4,5,4,4,4,4,4,4,2,4,4,-.547573849873721,-.580432399373816,.714379989580605,.242396004852909,-.0478612212779801,.371717493258012,-.808964015627527,-.93184717912166,-1.896653201934,.278957742748701,.110118004729395,.219493801191899,1.35295411878676,.198841230053656,.174433568600519,.233833838027752,.0733235575106761,.324237351499607,0,3.33333333333333,3.33333333333333,4.33333333333333,4,3.19588395165262
4,2,4,5,4,4,4,4,3,3,4,3,4,4,3,2,3,5,4,.789552148400582,.28606611975213,-.650349045512687,-.428546827876927,.103897898516192,.371717493258012,1.37172159171625,.215991068008333,.322073185234076,.278957742748701,.110118004729395,-.827322789107926,-.998910050319196,.198841230053656,-.984303708531502,.233833838027752,.0733235575106761,-.792580192554597,0,4.33333333333333,4,3.33333333333333,3.5,3.06780106554875
5,5,4,3,4,3,3,4,4,4,5,5,4,4,3,5,2,2,3,-.105203035477868,-.649928813076028,.698604685272075,.267148770500421,-.919552520538935,.371717493258012,-.808964015627527,.215991068008333,-.78729000834996,-.927696679373592,.110118004729395,.219493801191899,.177022034233782,1.35460587974054,1.33317084573254,.233833838027752,.0733235575106761,-.792580192554597,0,3.66666666666667,3.33333333333333,4.33333333333333,4,3.05659553494254
3,3,5,5,5,5,5,4,4,4,5,4,4,5,4,4,4,5,4,1.63627697165817,1.22206105258029,.698604685272075,.586389163115193,1.0757353630552,1.41928497425786,1.37172159171625,1.36382931513833,1.43143637881811,1.48561216487099,.110118004729395,.219493801191899,.177022034233782,1.35460587974054,.174433568600519,.233833838027752,1.20983869892616,.324237351499607,0,5,4.66666666666667,4.33333333333333,4.25,2.97189482174285
3,3,4,4,4,4,5,5,4,5,5,4,4,4,4,5,4,4,3,.342174556461357,1.27085734049336,1.17571811045795,.242396004852909,.579308737437785,.371717493258012,.28137878804436,.215991068008333,.322073185234076,1.48561216487099,1.31493852706276,.219493801191899,1.35295411878676,1.35460587974054,.174433568600519,.233833838027752,.0733235575106761,.324237351499607,0,4,4.66666666666667,4.66666666666667,4,2.9596266371856
5,5,4,4,4,4,5,5,4,4,4,4,4,4,4,4,4,3,3,.342174556461357,1.27085734049336,.237266564394729,.242396004852909,-.0947916908028483,.371717493258012,.28137878804436,.215991068008333,.322073185234076,1.48561216487099,1.31493852706276,.219493801191899,.177022034233782,.198841230053656,.174433568600519,.233833838027752,.0733235575106761,.324237351499607,0,4,4.66666666666667,4,4,2.95625585253276
3,1,4,5,5,5,5,5,5,4,5,5,4,4,5,5,4,5,5,1.23192296279644,1.70410660005633,1.10910686999362,.913338837582746,1.79456882422326,.371717493258012,1.37172159171625,1.36382931513833,1.43143637881811,1.48561216487099,1.31493852706276,1.26631039149172,.177022034233782,1.35460587974054,1.33317084573254,.233833838027752,.0733235575106761,1.44105489555381,0,4.66666666666667,5,4.66666666666667,4.5,2.92029503540979
3,4,5,4,4,4,4,5,5,5,5,5,4,4,4,4,4,4,4,.746528565323095,.768111667228171,1.58622029517949,.590243804041583,.700470689411661,1.41928497425786,.28137878804436,.215991068008333,.322073185234076,.278957742748701,1.31493852706276,1.26631039149172,1.35295411878676,1.35460587974054,1.33317084573254,.233833838027752,.0733235575106761,.324237351499607,0,4.33333333333333,4.33333333333333,5,4.25,2.77155902585255
5,2,3,4,4,2,3,4,3,4,4,4,3,4,2,3,4,3,3,-.0621794524003811,-1.083178072639,-.173235620326811,-.731671891157703,-.393627445399942,-.675849987741839,.28137878804436,.215991068008333,-1.896653201934,-.927696679373592,.110118004729395,-.827322789107926,.177022034233782,.198841230053656,.174433568600519,-.801716016095154,.0733235575106761,-1.9093977366088,0,3.66666666666667,3,3.66666666666667,3.25,2.7613607410304
1,2,4,4,3,4,4,4,4,5,5,5,5,5,5,3,5,2,3,-.100196257934496,.28606611975213,1.17571811045795,1.58520982477332,-.394726163698661,.371717493258012,.28137878804436,-.93184717912166,.322073185234076,.278957742748701,.110118004729395,.219493801191899,1.35295411878676,1.35460587974054,1.33317084573254,1.26938369215066,1.20983869892616,1.44105489555381,0,3.66666666666667,4,4.66666666666667,5,2.7459693947064
2,1,4,4,4,4,3,3,4,4,4,5,5,5,5,3,4,4,4,.342174556461357,-.698725100989096,.237266564394729,1.58520982477332,.401634934814567,.371717493258012,.28137878804436,.215991068008333,.322073185234076,-.927696679373592,-1.09470251760397,.219493801191899,.177022034233782,.198841230053656,1.33317084573254,1.26938369215066,1.20983869892616,1.44105489555381,0,4,3.33333333333333,4,5,2.6940719710285
5,2,5,5,5,5,4,5,5,5,4,3,4,4,3,2,1,3,4,1.63627697165817,1.20136092679114,1.12488217430215,-.428546827876927,-1.39496335946053,1.41928497425786,1.37172159171625,1.36382931513833,1.43143637881811,.278957742748701,1.31493852706276,1.26631039149172,1.35295411878676,.198841230053656,-.984303708531502,.233833838027752,.0733235575106761,-.792580192554597,0,5,4.66666666666667,4.66666666666667,3.5,2.68837661518182
2,2,3,3,3,4,4,3,3,3,3,4,3,3,3,3,3,3,3,-.951927858735459,-.195979427723911,-1.11168716639003,-.752570015878825,-.767793400744763,-.675849987741839,-.808964015627527,-.93184717912166,.322073185234076,.278957742748701,-1.09470251760397,-.827322789107926,-.998910050319196,-.956923419633225,.174433568600519,-.801716016095154,-1.06319158390481,-.792580192554597,0,3,3.66666666666667,3,3.25,2.6765228293406
3,2,5,4,4,4,3,5,2,4,4,4,2,4,3,3,2,4,4,.746528565323095,.265365993962985,-.583737805048352,-.736454686544829,-.346696975875074,1.41928497425786,.28137878804436,.215991068008333,.322073185234076,-.927696679373592,1.31493852706276,-1.87413937940775,.177022034233782,.198841230053656,.174433568600519,-1.83726587021806,.0733235575106761,-.792580192554597,0,4.33333333333333,4,3.33333333333333,3.25,2.61378962258131
5,5,3,4,5,3,3,4,4,4,4,5,4,5,3,4,5,3,3,.380191361995472,-.649928813076028,.237266564394729,.611141928762705,.279374264541972,-.675849987741839,.28137878804436,1.36382931513833,-.78729000834996,-.927696679373592,.110118004729395,.219493801191899,.177022034233782,.198841230053656,1.33317084573254,.233833838027752,1.20983869892616,-.792580192554597,0,4,3.33333333333333,4,4.25,2.5673765975508
5,3,1,4,3,2,3,5,4,4,1,4,2,4,2,1,4,2,4,-1.31325828451971,-.60113252516296,-1.14674779823731,-1.05954972008599,-.946565921666699,-2.77098494974154,.28137878804436,-.93184717912166,-1.896653201934,-.927696679373592,1.31493852706276,.219493801191899,.177022034233782,-3.26845271900699,.174433568600519,-1.83726587021806,.0733235575106761,-1.9093977366088,0,2.66666666666667,3.33333333333333,3,3,2.5377012817234
4,2,4,4,5,4,3,4,4,3,4,4,5,5,5,4,4,2,2,.78454537085721,-.216679553513055,-.239846860791146,1.23736202558464,-.890054071017358,.371717493258012,.28137878804436,1.36382931513833,.322073185234076,-.927696679373592,.110118004729395,.219493801191899,-.998910050319196,.198841230053656,.174433568600519,1.26938369215066,1.20983869892616,1.44105489555381,0,4.33333333333333,3.66666666666667,3.66666666666667,4.75,2.41836847896341
1,2,4,5,4,4,3,4,4,4,3,4,3,4,3,4,5,3,4,.789552148400582,-.216679553513055,-.224071556482617,-.408576857616541,.699371971112943,.371717493258012,1.37172159171625,.215991068008333,.322073185234076,-.927696679373592,.110118004729395,.219493801191899,.177022034233782,-.956923419633225,.174433568600519,-.801716016095154,.0733235575106761,-.792580192554597,0,4.33333333333333,3.66666666666667,3.66666666666667,3.5,2.41820634332104
4,3,4,3,3,4,4,4,5,4,4,4,5,5,3,4,4,4,3,-.547573849873721,.28606611975213,.64776874911627,.591171958502319,.280472982840691,.371717493258012,-.808964015627527,-.93184717912166,.322073185234076,.278957742748701,.110118004729395,1.26631039149172,.177022034233782,.198841230053656,.174433568600519,1.26938369215066,1.20983869892616,-.792580192554597,0,3.33333333333333,4,4.33333333333333,4.25,2.40012130151598
1,4,3,3,3,3,4,3,4,4,4,3,4,4,3,3,3,4,4,-.951927858735459,-.629228687286884,.237266564394729,-.428546827876927,.0274689794697467,-.675849987741839,-.808964015627527,-.93184717912166,-.78729000834996,.278957742748701,-1.09470251760397,.219493801191899,.177022034233782,.198841230053656,-.984303708531502,.233833838027752,.0733235575106761,-.792580192554597,0,3,3.33333333333333,4,3.5,2.35800068064002
2,5,2,2,5,2,3,4,1,5,5,3,2,3,2,2,4,2,2,-.918917830744716,-1.083178072639,-.0557884437066711,-1.75139067753695,-1.48772558021155,-1.72341746874169,-1.89930681929941,1.36382931513833,-1.896653201934,-.927696679373592,.110118004729395,-2.92095596970757,1.35295411878676,1.35460587974054,-.984303708531502,-1.83726587021806,-1.06319158390481,-1.9093977366088,0,3,3,3.66666666666667,2.5,2.3423307283632
5,5,4,4,3,2,4,3,4,3,3,3,4,4,2,4,5,4,5,-.100196257934496,-1.06247794684986,-.701184981668493,-.751641861418089,1.49463435132745,.371717493258012,.28137878804436,-.93184717912166,-1.896653201934,.278957742748701,-1.09470251760397,.219493801191899,-.998910050319196,-.956923419633225,-.984303708531502,.233833838027752,.0733235575106761,-1.9093977366088,0,3.66666666666667,3,3.33333333333333,3.25,2.32149979943383
5,2,4,3,5,3,4,3,4,4,4,3,3,4,3,4,4,3,4,.337167778917985,-.629228687286884,.237266564394729,-.756424656805215,.325206015768122,.371717493258012,-.808964015627527,1.36382931513833,-.78729000834996,.278957742748701,-1.09470251760397,.219493801191899,.177022034233782,.198841230053656,-.984303708531502,-.801716016095154,.0733235575106761,-.792580192554597,0,4,3.33333333333333,4,3.25,2.31877910268363
5,2,3,3,4,4,4,4,4,3,3,3,3,4,4,3,3,3,3,-.509557044339606,.28606611975213,-.701184981668493,-.433329623264053,-.767793400744763,-.675849987741839,-.808964015627527,.215991068008333,.322073185234076,.278957742748701,.110118004729395,.219493801191899,-.998910050319196,-.956923419633225,-.984303708531502,-.801716016095154,.0733235575106761,.324237351499607,0,3.33333333333333,4,3.33333333333333,3.5,2.29188472757702
5,2,3,4,3,4,4,4,4,3,3,4,4,4,4,3,4,3,3,-.504550266796234,.28606611975213,-.701184981668493,.242396004852909,-.393627445399942,-.675849987741839,.28137878804436,-.93184717912166,.322073185234076,.278957742748701,.110118004729395,.219493801191899,-.998910050319196,-.956923419633225,.174433568600519,.233833838027752,.0733235575106761,.324237351499607,0,3.33333333333333,4,3.33333333333333,4,2.27952970356133
5,2,3,4,4,4,3,3,3,3,3,4,5,5,5,5,3,2,4,-.0621794524003811,-.698725100989096,-1.11168716639003,1.23736202558464,-.125388858623144,-.675849987741839,.28137878804436,.215991068008333,.322073185234076,-.927696679373592,-1.09470251760397,-.827322789107926,-.998910050319196,-.956923419633225,.174433568600519,1.26938369215066,1.20983869892616,1.44105489555381,0,3.66666666666667,3.33333333333333,3,4.75,2.21889188094
3,3,4,4,5,4,4,4,4,5,5,5,5,5,5,5,4,2,3,.78454537085721,.28606611975213,1.17571811045795,1.58520982477332,-.171220609849294,.371717493258012,.28137878804436,1.36382931513833,.322073185234076,.278957742748701,.110118004729395,.219493801191899,1.35295411878676,1.35460587974054,1.33317084573254,1.26938369215066,1.20983869892616,1.44105489555381,0,4.33333333333333,4,4.66666666666667,5,2.2067257313338
5,2,4,5,5,4,4,5,4,4,4,5,5,5,4,3,4,4,5,1.23192296279644,.768111667228171,.237266564394729,1.26211479123216,.821632641385538,.371717493258012,1.37172159171625,1.36382931513833,.322073185234076,.278957742748701,1.31493852706276,.219493801191899,.177022034233782,.198841230053656,1.33317084573254,1.26938369215066,1.20983869892616,.324237351499607,0,4.66666666666667,4.33333333333333,4,4.75,2.10116886057519
5,2,4,3,4,4,3,3,3,3,3,3,3,3,3,3,3,3,3,-.105203035477868,-.698725100989096,-1.11168716639003,-1.1004178150675,-.767793400744763,.371717493258012,-.808964015627527,.215991068008333,.322073185234076,-.927696679373592,-1.09470251760397,-.827322789107926,-.998910050319196,-.956923419633225,-.984303708531502,-.801716016095154,-1.06319158390481,-.792580192554597,0,3.66666666666667,3.33333333333333,3,3,2.0894107249725
5,2,5,4,4,4,4,3,3,4,4,5,5,2,2,4,5,4,5,.746528565323095,-.195979427723911,-.173235620326811,-.416054750637021,1.49463435132745,1.41928497425786,.28137878804436,.215991068008333,.322073185234076,.278957742748701,-1.09470251760397,-.827322789107926,.177022034233782,.198841230053656,1.33317084573254,1.26938369215066,-2.1997067253203,-1.9093977366088,0,4.33333333333333,3.66666666666667,3.66666666666667,3.5,2.08347410375297
2,2,4,4,3,3,3,4,3,3,3,3,3,3,4,3,3,3,3,-.100196257934496,-.649928813076028,-1.11168716639003,-.777322781526337,-.767793400744763,.371717493258012,.28137878804436,-.93184717912166,-.78729000834996,-.927696679373592,.110118004729395,-.827322789107926,-.998910050319196,-.956923419633225,-.984303708531502,-.801716016095154,-1.06319158390481,.324237351499607,0,3.66666666666667,3.33333333333333,3,3.25,2.04385753175651
3,3,4,4,3,3,3,4,3,3,3,3,4,3,3,3,3,3,3,-.100196257934496,-.649928813076028,-1.11168716639003,-.772539986139211,-.767793400744763,.371717493258012,.28137878804436,-.93184717912166,-.78729000834996,-.927696679373592,.110118004729395,-.827322789107926,-.998910050319196,-.956923419633225,-.984303708531502,.233833838027752,-1.06319158390481,-.792580192554597,0,3.66666666666667,3.33333333333333,3,3.25,2.04385753175651
3,2,4,4,4,4,4,4,4,5,5,4,5,5,5,4,4,1,3,.342174556461357,.28606611975213,1.17571811045795,1.23736202558464,-.845321038089927,.371717493258012,.28137878804436,.215991068008333,.322073185234076,.278957742748701,.110118004729395,.219493801191899,1.35295411878676,1.35460587974054,.174433568600519,1.26938369215066,1.20983869892616,1.44105489555381,0,4,4,4.66666666666667,4.75,1.98650302177583
5,5,4,3,3,3,3,3,3,3,3,3,3,3,3,3,3,3,3,-.547573849873721,-1.13197436055207,-1.11168716639003,-1.1004178150675,-.767793400744763,.371717493258012,-.808964015627527,-.93184717912166,-.78729000834996,-.927696679373592,-1.09470251760397,-.827322789107926,-.998910050319196,-.956923419633225,-.984303708531502,-.801716016095154,-1.06319158390481,-.792580192554597,0,3.33333333333333,3,3,3,1.85450814661365
3,3,4,3,3,3,3,3,3,3,3,3,3,3,3,3,3,3,3,-.547573849873721,-1.13197436055207,-1.11168716639003,-1.1004178150675,-.767793400744763,.371717493258012,-.808964015627527,-.93184717912166,-.78729000834996,-.927696679373592,-1.09470251760397,-.827322789107926,-.998910050319196,-.956923419633225,-.984303708531502,-.801716016095154,-1.06319158390481,-.792580192554597,0,3.33333333333333,3,3,3,1.85450814661365
5,3,5,4,5,5,4,4,3,4,5,4,4,4,4,5,4,3,4,1.18889937971895,.719315379315103,.288102500550535,.242396004852909,.624041770365216,1.41928497425786,.28137878804436,1.36382931513833,1.43143637881811,.278957742748701,.110118004729395,-.827322789107926,.177022034233782,1.35460587974054,.174433568600519,.233833838027752,.0733235575106761,.324237351499607,0,4.66666666666667,4.33333333333333,4,4,1.84231525532613
5,3,3,4,4,4,4,5,4,5,4,5,4,4,5,5,4,5,5,-.0621794524003811,.768111667228171,.714379989580605,.913338837582746,1.79456882422326,-.675849987741839,.28137878804436,.215991068008333,.322073185234076,.278957742748701,1.31493852706276,.219493801191899,1.35295411878676,.198841230053656,1.33317084573254,.233833838027752,.0733235575106761,1.44105489555381,0,3.66666666666667,4.33333333333333,4.33333333333333,4.5,1.82804812774492
5,3,5,4,5,4,5,5,5,5,4,5,5,5,5,3,4,2,3,1.18889937971895,1.27085734049336,1.12488217430215,1.58520982477332,-.768892119043481,1.41928497425786,.28137878804436,1.36382931513833,.322073185234076,1.48561216487099,1.31493852706276,1.26631039149172,1.35295411878676,.198841230053656,1.33317084573254,1.26938369215066,1.20983869892616,1.44105489555381,0,4.66666666666667,4.66666666666667,4.66666666666667,5,1.79710027186379
3,3,4,4,4,4,4,4,5,5,4,4,4,4,5,4,4,4,4,.342174556461357,.28606611975213,1.12488217430215,.565491038394072,.700470689411661,.371717493258012,.28137878804436,.215991068008333,.322073185234076,.278957742748701,.110118004729395,1.26631039149172,1.35295411878676,.198841230053656,.174433568600519,.233833838027752,.0733235575106761,1.44105489555381,0,4,4,4.66666666666667,4.25,1.78942526680453
2,4,4,4,4,4,4,4,5,5,4,4,5,4,4,4,4,4,4,.342174556461357,.28606611975213,1.12488217430215,.570273833781197,.700470689411661,.371717493258012,.28137878804436,.215991068008333,.322073185234076,.278957742748701,.110118004729395,1.26631039149172,1.35295411878676,.198841230053656,.174433568600519,1.26938369215066,.0733235575106761,.324237351499607,0,4,4,4.66666666666667,4.25,1.78942526680453
4,5,4,4,4,4,4,4,5,5,4,4,4,4,4,4,4,4,4,.342174556461357,.28606611975213,1.12488217430215,.242396004852909,.700470689411661,.371717493258012,.28137878804436,.215991068008333,.322073185234076,.278957742748701,.110118004729395,1.26631039149172,1.35295411878676,.198841230053656,.174433568600519,.233833838027752,.0733235575106761,.324237351499607,0,4,4,4.66666666666667,4,1.78942526680453
5,4,4,5,5,5,5,4,5,5,4,5,4,5,5,5,5,5,4,1.23192296279644,1.22206105258029,1.12488217430215,1.25733199584503,1.74873707299711,.371717493258012,1.37172159171625,1.36382931513833,1.43143637881811,1.48561216487099,.110118004729395,1.26631039149172,1.35295411878676,.198841230053656,1.33317084573254,.233833838027752,1.20983869892616,1.44105489555381,0,4.66666666666667,4.66666666666667,4.66666666666667,4.75,1.78301763637832
3,3,4,4,4,5,4,4,4,5,5,4,5,5,5,4,4,4,4,.342174556461357,.719315379315103,1.17571811045795,1.23736202558464,.700470689411661,.371717493258012,.28137878804436,.215991068008333,1.43143637881811,.278957742748701,.110118004729395,.219493801191899,1.35295411878676,1.35460587974054,.174433568600519,1.26938369215066,1.20983869892616,1.44105489555381,0,4,4.33333333333333,4.66666666666667,4.75,1.74782472808607
4,3,4,4,5,4,5,5,4,5,4,5,5,5,5,3,2,3,5,.78454537085721,1.27085734049336,.714379989580605,1.58520982477332,-.301963942947643,.371717493258012,.28137878804436,1.36382931513833,.322073185234076,1.48561216487099,1.31493852706276,.219493801191899,1.35295411878676,.198841230053656,1.33317084573254,1.26938369215066,1.20983869892616,1.44105489555381,0,4.33333333333333,4.66666666666667,4.33333333333333,5,1.71676126664906
5,4,5,4,5,5,4,5,5,4,5,4,2,4,3,1,5,4,5,1.18889937971895,1.20136092679114,1.10910686999362,-.736454686544829,.598127087536171,1.41928497425786,.28137878804436,1.36382931513833,1.43143637881811,.278957742748701,1.31493852706276,1.26631039149172,.177022034233782,1.35460587974054,.174433568600519,-1.83726587021806,.0733235575106761,-.792580192554597,0,4.66666666666667,4.66666666666667,4.66666666666667,3.25,1.70039246201882
2,3,4,4,3,4,4,5,3,5,4,5,5,5,4,4,5,3,3,-.100196257934496,.768111667228171,.303877804859064,1.26211479123216,.279374264541972,.371717493258012,.28137878804436,-.93184717912166,.322073185234076,.278957742748701,1.31493852706276,-.827322789107926,1.35295411878676,.198841230053656,1.33317084573254,1.26938369215066,1.20983869892616,.324237351499607,0,3.66666666666667,4.33333333333333,4,4.75,1.65726842661682
5,5,4,5,5,5,4,4,5,4,4,4,4,5,4,3,4,3,4,1.23192296279644,.719315379315103,.64776874911627,.586389163115193,.0263702611710281,.371717493258012,1.37172159171625,1.36382931513833,1.43143637881811,.278957742748701,.110118004729395,1.26631039149172,.177022034233782,.198841230053656,.174433568600519,.233833838027752,1.20983869892616,.324237351499607,0,4.66666666666667,4.33333333333333,4.33333333333333,4.25,1.62677081784291
5,3,4,4,5,3,4,5,4,3,4,5,3,4,3,4,5,3,2,.78454537085721,.334862407665198,-.239846860791146,-.0607290584278669,-.140623442028998,.371717493258012,.28137878804436,1.36382931513833,-.78729000834996,.278957742748701,1.31493852706276,.219493801191899,-.998910050319196,.198841230053656,1.33317084573254,-.801716016095154,.0733235575106761,-.792580192554597,0,4.33333333333333,4,3.66666666666667,3.75,1.62173526216559
4,2,4,4,4,4,5,4,5,4,5,4,4,4,3,3,3,2,2,.342174556461357,.788811793017315,1.10910686999362,-.080699028688253,-1.56305578095927,.371717493258012,.28137878804436,.215991068008333,.322073185234076,1.48561216487099,.110118004729395,1.26631039149172,.177022034233782,1.35460587974054,.174433568600519,.233833838027752,.0733235575106761,-.792580192554597,0,4,4.33333333333333,4.66666666666667,3.75,1.61858476527818
1,4,4,4,4,4,4,3,4,4,5,4,4,4,4,3,3,4,4,.342174556461357,-.195979427723911,.698604685272075,.242396004852909,.0274689794697467,.371717493258012,.28137878804436,.215991068008333,.322073185234076,.278957742748701,-1.09470251760397,.219493801191899,.177022034233782,1.35460587974054,.174433568600519,.233833838027752,.0733235575106761,.324237351499607,0,4,3.66666666666667,4.33333333333333,4,1.60199022651353
2,3,4,4,4,5,4,4,5,5,4,4,5,5,4,4,5,2,4,.342174556461357,.719315379315103,1.12488217430215,.914266992043481,.324107297469403,.371717493258012,.28137878804436,.215991068008333,1.43143637881811,.278957742748701,.110118004729395,1.26631039149172,1.35295411878676,.198841230053656,.174433568600519,1.26938369215066,1.20983869892616,.324237351499607,0,4,4.33333333333333,4.66666666666667,4.5,1.5951736332902
5,2,4,5,4,5,4,5,5,4,4,4,5,5,3,3,5,2,3,.789552148400582,1.20136092679114,.64776874911627,.591171958502319,-.394726163698661,.371717493258012,1.37172159171625,.215991068008333,1.43143637881811,.278957742748701,1.31493852706276,1.26631039149172,.177022034233782,.198841230053656,.174433568600519,1.26938369215066,1.20983869892616,-.792580192554597,0,4.33333333333333,4.66666666666667,4.33333333333333,4.25,1.52787208310428
5,4,4,5,4,5,4,5,4,5,4,5,5,4,5,4,5,4,4,.789552148400582,1.20136092679114,.714379989580605,1.24121666651103,1.07463664475648,.371717493258012,1.37172159171625,.215991068008333,1.43143637881811,.278957742748701,1.31493852706276,.219493801191899,1.35295411878676,.198841230053656,1.33317084573254,1.26938369215066,.0733235575106761,1.44105489555381,0,4.33333333333333,4.66666666666667,4.33333333333333,4.75,1.4922518665513
1,1,3,3,3,3,3,3,3,3,3,3,3,4,2,2,5,2,5,-.951927858735459,-1.13197436055207,-1.11168716639003,-1.07951969034638,.146433494846186,-.675849987741839,-.808964015627527,-.93184717912166,-.78729000834996,-.927696679373592,-1.09470251760397,-.827322789107926,-.998910050319196,-.956923419633225,-.984303708531502,-.801716016095154,.0733235575106761,-1.9093977366088,0,3,3,3,3,1.48170560572318
5,2,3,3,3,3,3,3,3,3,3,3,3,3,3,3,3,3,3,-.951927858735459,-1.13197436055207,-1.11168716639003,-1.1004178150675,-.767793400744763,-.675849987741839,-.808964015627527,-.93184717912166,-.78729000834996,-.927696679373592,-1.09470251760397,-.827322789107926,-.998910050319196,-.956923419633225,-.984303708531502,-.801716016095154,-1.06319158390481,-.792580192554597,0,3,3,3,3,1.48170560572318
4,2,3,3,3,3,3,3,3,3,3,3,3,3,3,3,3,3,3,-.951927858735459,-1.13197436055207,-1.11168716639003,-1.1004178150675,-.767793400744763,-.675849987741839,-.808964015627527,-.93184717912166,-.78729000834996,-.927696679373592,-1.09470251760397,-.827322789107926,-.998910050319196,-.956923419633225,-.984303708531502,-.801716016095154,-1.06319158390481,-.792580192554597,0,3,3,3,3,1.48170560572318
4,2,3,3,3,3,3,3,3,3,3,3,3,3,3,3,3,3,3,-.951927858735459,-1.13197436055207,-1.11168716639003,-1.1004178150675,-.767793400744763,-.675849987741839,-.808964015627527,-.93184717912166,-.78729000834996,-.927696679373592,-1.09470251760397,-.827322789107926,-.998910050319196,-.956923419633225,-.984303708531502,-.801716016095154,-1.06319158390481,-.792580192554597,0,3,3,3,3,1.48170560572318
3,2,3,3,3,3,3,3,3,3,3,3,3,3,3,3,3,3,3,-.951927858735459,-1.13197436055207,-1.11168716639003,-1.1004178150675,-.767793400744763,-.675849987741839,-.808964015627527,-.93184717912166,-.78729000834996,-.927696679373592,-1.09470251760397,-.827322789107926,-.998910050319196,-.956923419633225,-.984303708531502,-.801716016095154,-1.06319158390481,-.792580192554597,0,3,3,3,3,1.48170560572318
5,2,4,4,3,4,4,4,3,4,3,4,3,4,5,5,2,3,4,-.100196257934496,.28606611975213,-.634573741204158,.237613209465784,-.124290140324426,.371717493258012,.28137878804436,-.93184717912166,.322073185234076,.278957742748701,.110118004729395,-.827322789107926,.177022034233782,-.956923419633225,.174433568600519,-.801716016095154,.0733235575106761,1.44105489555381,0,3.66666666666667,4,3.33333333333333,4,1.47700557020174
5,5,4,3,3,3,4,3,4,4,4,3,3,5,4,3,5,3,4,-.547573849873721,-.629228687286884,.237266564394729,-.0893364650017687,.400536216515849,.371717493258012,-.808964015627527,-.93184717912166,-.78729000834996,.278957742748701,-1.09470251760397,.219493801191899,.177022034233782,.198841230053656,-.984303708531502,-.801716016095154,1.20983869892616,.324237351499607,0,3.33333333333333,3.33333333333333,4,3.75,1.45020214180214
2,3,4,4,3,3,4,4,4,5,4,4,5,4,3,2,4,4,4,-.100196257934496,-.147183139810843,.714379989580605,.247178800240035,.102799180217474,.371717493258012,.28137878804436,-.93184717912166,-.78729000834996,.278957742748701,.110118004729395,.219493801191899,1.35295411878676,.198841230053656,.174433568600519,1.26938369215066,.0733235575106761,-.792580192554597,0,3.66666666666667,3.66666666666667,4.33333333333333,4,1.43126146256124
3,3,3,3,3,2,3,4,3,3,3,2,3,2,3,3,3,3,2,-.951927858735459,-1.083178072639,-1.11168716639003,-1.79225877251846,-1.18779110731573,-.675849987741839,-.808964015627527,-.93184717912166,-1.896653201934,-.927696679373592,.110118004729395,-.827322789107926,-.998910050319196,-.956923419633225,-2.14304098566352,-.801716016095154,-2.1997067253203,-.792580192554597,0,3,3,3,2.5,1.42319054756039
4,4,3,4,3,4,4,4,4,4,4,4,4,4,4,3,4,2,3,-.504550266796234,.28606611975213,.237266564394729,.242396004852909,-.768892119043481,-.675849987741839,.28137878804436,-.93184717912166,.322073185234076,.278957742748701,.110118004729395,.219493801191899,.177022034233782,.198841230053656,.174433568600519,.233833838027752,.0733235575106761,.324237351499607,0,3.33333333333333,4,4,4,1.41638346570948
3,3,3,3,4,4,4,4,4,3,4,3,3,4,3,3,3,3,3,-.509557044339606,.28606611975213,-.239846860791146,-.756424656805215,-.767793400744763,-.675849987741839,-.808964015627527,.215991068008333,.322073185234076,.278957742748701,.110118004729395,.219493801191899,-.998910050319196,.198841230053656,-.984303708531502,-.801716016095154,.0733235575106761,-.792580192554597,0,3.33333333333333,4,3.66666666666667,3.25,1.40265042066457
5,5,4,4,5,4,4,5,4,5,5,4,5,4,5,4,5,4,4,.78454537085721,.768111667228171,1.17571811045795,.89336886732236,1.07463664475648,.371717493258012,.28137878804436,1.36382931513833,.322073185234076,.278957742748701,1.31493852706276,.219493801191899,1.35295411878676,1.35460587974054,.174433568600519,1.26938369215066,.0733235575106761,1.44105489555381,0,4.33333333333333,4.33333333333333,4.66666666666667,4.5,1.39307852976179
5,5,2,3,4,4,3,4,4,3,4,3,2,4,2,4,2,5,3,-.913911053201344,-.216679553513055,-.239846860791146,-1.40739751927467,-.0925942542054112,-1.72341746874169,-.808964015627527,.215991068008333,.322073185234076,-.927696679373592,.110118004729395,.219493801191899,-.998910050319196,.198841230053656,-.984303708531502,-1.83726587021806,.0733235575106761,-1.9093977366088,0,3,3.66666666666667,3.66666666666667,2.75,1.38972859732297
5,5,3,3,4,2,4,4,4,5,3,4,5,5,3,2,4,4,3,-.509557044339606,-.580432399373816,.253041868703259,.591171958502319,-.317198526353497,-.675849987741839,-.808964015627527,.215991068008333,-1.896653201934,.278957742748701,.110118004729395,.219493801191899,1.35295411878676,-.956923419633225,.174433568600519,1.26938369215066,1.20983869892616,-.792580192554597,0,3.33333333333333,3.33333333333333,4,4.25,1.3356047381273
3,1,5,4,4,4,4,5,5,5,4,4,4,4,4,1,2,3,1,.746528565323095,.768111667228171,1.12488217430215,.242396004852909,-2.57962627842571,1.41928497425786,.28137878804436,.215991068008333,.322073185234076,.278957742748701,1.31493852706276,1.26631039149172,1.35295411878676,.198841230053656,.174433568600519,.233833838027752,.0733235575106761,.324237351499607,0,4.33333333333333,4.33333333333333,4.66666666666667,4,1.26698063471703
5,2,4,4,3,3,3,4,4,3,3,4,3,4,4,3,4,4,3,-.100196257934496,-.649928813076028,-.701184981668493,-.0854818240753787,-.0183627717564029,.371717493258012,.28137878804436,-.93184717912166,-.78729000834996,-.927696679373592,.110118004729395,.219493801191899,-.998910050319196,-.956923419633225,.174433568600519,-.801716016095154,.0733235575106761,.324237351499607,0,3.66666666666667,3.33333333333333,3.33333333333333,3.75,1.05264486042886
5,3,4,4,3,4,5,3,5,4,4,3,4,5,3,2,2,5,1,-.100196257934496,.306766245541275,.64776874911627,-.084553669614643,-1.53026117654154,.371717493258012,.28137878804436,-.93184717912166,.322073185234076,1.48561216487099,-1.09470251760397,1.26631039149172,.177022034233782,.198841230053656,-.984303708531502,.233833838027752,1.20983869892616,-.792580192554597,0,3.66666666666667,4,4.33333333333333,3.75,.950018716874577
5,5,4,3,3,3,4,4,4,4,4,4,4,4,4,5,3,2,2,-.547573849873721,-.147183139810843,.237266564394729,.242396004852909,-.965384271765085,.371717493258012,-.808964015627527,-.93184717912166,-.78729000834996,.278957742748701,.110118004729395,.219493801191899,.177022034233782,.198841230053656,.174433568600519,.233833838027752,.0733235575106761,.324237351499607,0,3.33333333333333,3.66666666666667,4,4,.93480007904268
4,2,5,3,4,4,5,4,4,4,4,5,4,4,4,4,4,4,4,.29915097338387,.788811793017315,.237266564394729,.590243804041583,.700470689411661,1.41928497425786,-.808964015627527,.215991068008333,.322073185234076,1.48561216487099,.110118004729395,.219493801191899,.177022034233782,.198841230053656,1.33317084573254,.233833838027752,.0733235575106761,.324237351499607,0,4,4.33333333333333,4,4.25,.932783345716864
2,3,4,4,2,4,3,4,4,4,4,4,5,5,4,4,4,3,3,-.542567072330349,-.216679553513055,.237266564394729,.914266992043481,-.0947916908028483,.371717493258012,.28137878804436,-2.07968542625165,.322073185234076,-.927696679373592,.110118004729395,.219493801191899,.177022034233782,.198841230053656,.174433568600519,1.26938369215066,1.20983869892616,.324237351499607,0,3.33333333333333,3.66666666666667,4,4.5,.917046264277879
5,5,4,4,4,4,4,5,5,3,4,4,5,4,4,3,3,3,3,.342174556461357,.768111667228171,.170655323930394,.570273833781197,-.767793400744763,.371717493258012,.28137878804436,.215991068008333,.322073185234076,.278957742748701,1.31493852706276,1.26631039149172,-.998910050319196,.198841230053656,.174433568600519,1.26938369215066,.0733235575106761,.324237351499607,0,4,4.33333333333333,4,4.25,.906033628058714
3,3,4,4,4,4,5,4,4,5,4,4,4,5,4,4,4,4,4,.342174556461357,.788811793017315,.714379989580605,.586389163115193,.700470689411661,.371717493258012,.28137878804436,.215991068008333,.322073185234076,1.48561216487099,.110118004729395,.219493801191899,1.35295411878676,.198841230053656,.174433568600519,.233833838027752,1.20983869892616,.324237351499607,0,4,4.33333333333333,4.33333333333333,4.25,.888933947964652
3,3,4,5,4,4,4,4,4,4,4,5,5,5,5,4,3,2,3,.789552148400582,.28606611975213,.237266564394729,1.58520982477332,-.844222319791208,.371717493258012,1.37172159171625,.215991068008333,.322073185234076,.278957742748701,.110118004729395,.219493801191899,.177022034233782,.198841230053656,1.33317084573254,1.26938369215066,1.20983869892616,1.44105489555381,0,4.33333333333333,4,4,5,.882617019188618
1,3,4,4,5,4,4,4,4,4,4,4,3,4,4,3,3,2,4,.78454537085721,.28606611975213,.237266564394729,-.0854818240753787,-.723060367817332,.371717493258012,.28137878804436,1.36382931513833,.322073185234076,.278957742748701,.110118004729395,.219493801191899,.177022034233782,.198841230053656,.174433568600519,-.801716016095154,.0733235575106761,.324237351499607,0,4.33333333333333,4,4,3.75,.868526307004677
5,1,3,3,4,3,4,4,4,4,4,5,4,5,3,4,4,4,4,-.509557044339606,-.147183139810843,.237266564394729,.611141928762705,.700470689411661,-.675849987741839,-.808964015627527,.215991068008333,-.78729000834996,.278957742748701,.110118004729395,.219493801191899,.177022034233782,.198841230053656,1.33317084573254,.233833838027752,1.20983869892616,-.792580192554597,0,3.33333333333333,3.66666666666667,4,4.25,.83880405183267
4,3,3,4,3,4,3,4,4,4,4,3,3,3,3,3,3,3,3,-.504550266796234,-.216679553513055,.237266564394729,-1.1004178150675,-.767793400744763,-.675849987741839,.28137878804436,-.93184717912166,.322073185234076,-.927696679373592,.110118004729395,.219493801191899,.177022034233782,.198841230053656,-.984303708531502,-.801716016095154,-1.06319158390481,-.792580192554597,0,3.33333333333333,3.66666666666667,4,3,.829607046421261
5,2,3,3,4,4,4,3,4,2,4,4,2,4,2,3,3,4,2,-.509557044339606,-.195979427723911,-.716960285977022,-1.05954972008599,-.812526433672194,-.675849987741839,-.808964015627527,.215991068008333,.322073185234076,.278957742748701,-1.09470251760397,.219493801191899,-2.17484213487217,.198841230053656,.174433568600519,-1.83726587021806,.0733235575106761,-1.9093977366088,0,3.33333333333333,3.66666666666667,3.33333333333333,3,.813039794324358
2,5,4,4,3,3,4,4,4,3,3,3,4,4,3,3,3,4,3,-.100196257934496,-.147183139810843,-.701184981668493,-.428546827876927,-.392528727101224,.371717493258012,.28137878804436,-.93184717912166,-.78729000834996,.278957742748701,.110118004729395,.219493801191899,-.998910050319196,-.956923419633225,-.984303708531502,.233833838027752,.0733235575106761,-.792580192554597,0,3.66666666666667,3.66666666666667,3.33333333333333,3.5,.790436283363291
1,4,5,4,4,4,4,4,4,4,4,4,4,4,4,5,5,5,4,.746528565323095,.28606611975213,.237266564394729,.242396004852909,1.74873707299711,1.41928497425786,.28137878804436,.215991068008333,.322073185234076,.278957742748701,.110118004729395,.219493801191899,.177022034233782,.198841230053656,.174433568600519,.233833838027752,.0733235575106761,.324237351499607,0,4.33333333333333,4,4,4,.765628747958786
3,3,4,4,4,4,3,4,4,3,4,4,4,4,4,4,4,4,4,.342174556461357,-.216679553513055,-.239846860791146,.242396004852909,.700470689411661,.371717493258012,.28137878804436,.215991068008333,.322073185234076,-.927696679373592,.110118004729395,.219493801191899,-.998910050319196,.198841230053656,.174433568600519,.233833838027752,.0733235575106761,.324237351499607,0,4,3.66666666666667,3.66666666666667,4,.75957004168023
2,3,4,4,4,4,3,4,3,4,4,5,5,3,3,4,3,3,4,.342174556461357,-.216679553513055,-.173235620326811,.251033441166425,-.0489599395766987,.371717493258012,.28137878804436,.215991068008333,.322073185234076,-.927696679373592,.110118004729395,-.827322789107926,.177022034233782,.198841230053656,1.33317084573254,1.26938369215066,-1.06319158390481,-.792580192554597,0,4,3.66666666666667,3.66666666666667,4,.701133021862802
3,5,4,4,4,5,4,4,4,4,4,4,4,4,4,4,4,4,3,.342174556461357,.719315379315103,.237266564394729,.242396004852909,.280472982840691,.371717493258012,.28137878804436,.215991068008333,1.43143637881811,.278957742748701,.110118004729395,.219493801191899,.177022034233782,.198841230053656,.174433568600519,.233833838027752,.0733235575106761,.324237351499607,0,4,4.33333333333333,4,4,.700394022995237
3,1,4,5,4,5,4,4,4,4,5,4,4,4,4,4,5,4,4,.789552148400582,.719315379315103,.698604685272075,.242396004852909,1.07463664475648,.371717493258012,1.37172159171625,.215991068008333,1.43143637881811,.278957742748701,.110118004729395,.219493801191899,.177022034233782,1.35460587974054,.174433568600519,.233833838027752,.0733235575106761,.324237351499607,0,4.33333333333333,4.33333333333333,4.33333333333333,4,.690103042475433
4,2,5,3,4,4,3,4,4,4,4,4,3,4,3,4,5,5,5,.29915097338387,-.216679553513055,.237266564394729,-.408576857616541,1.86989902497099,1.41928497425786,-.808964015627527,.215991068008333,.322073185234076,-.927696679373592,.110118004729395,.219493801191899,.177022034233782,.198841230053656,.174433568600519,-.801716016095154,.0733235575106761,-.792580192554597,0,4,3.66666666666667,4,3.5,.674431795719358
5,5,4,3,4,3,4,4,3,3,4,4,3,3,4,3,3,3,2,-.105203035477868,-.147183139810843,-.650349045512687,-.429474982337663,-1.18779110731573,.371717493258012,-.808964015627527,.215991068008333,-.78729000834996,.278957742748701,.110118004729395,-.827322789107926,-.998910050319196,.198841230053656,.174433568600519,-.801716016095154,-1.06319158390481,.324237351499607,0,3.66666666666667,3.66666666666667,3.33333333333333,3.5,.662284468270864
4,4,4,5,3,3,4,4,4,4,3,3,5,4,3,4,4,5,4,.347181334004729,-.147183139810843,-.224071556482617,-.100668998948639,1.0757353630552,.371717493258012,1.37172159171625,-.93184717912166,-.78729000834996,.278957742748701,.110118004729395,.219493801191899,.177022034233782,-.956923419633225,-.984303708531502,1.26938369215066,.0733235575106761,-.792580192554597,0,4,3.66666666666667,3.66666666666667,3.75,.64862549817355
3,3,3,4,3,5,3,2,4,3,3,4,3,2,4,3,4,3,3,-.504550266796234,-.747521388902164,-.701184981668493,-.773468140599947,-.393627445399942,-.675849987741839,.28137878804436,-.93184717912166,1.43143637881811,-.927696679373592,-2.29952303993734,.219493801191899,-.998910050319196,-.956923419633225,.174433568600519,-.801716016095154,-2.1997067253203,.324237351499607,0,3.33333333333333,3.33333333333333,3.33333333333333,3.25,.647665561882756
4,3,3,3,4,4,3,4,3,4,3,4,3,4,4,3,4,3,4,-.509557044339606,-.216679553513055,-.634573741204158,-.0854818240753787,.0263702611710281,-.675849987741839,-.808964015627527,.215991068008333,.322073185234076,-.927696679373592,.110118004729395,-.827322789107926,.177022034233782,-.956923419633225,.174433568600519,-.801716016095154,.0733235575106761,.324237351499607,0,3.33333333333333,3.66666666666667,3.33333333333333,3.75,.629443250843364
5,5,4,4,3,4,4,4,4,2,5,2,2,3,3,5,5,4,4,-.100196257934496,.28606611975213,-.255622165099676,-1.77614344318446,1.37347239935358,.371717493258012,.28137878804436,-.93184717912166,.322073185234076,.278957742748701,.110118004729395,.219493801191899,-2.17484213487217,1.35460587974054,-2.14304098566352,-1.83726587021806,-1.06319158390481,-.792580192554597,0,3.66666666666667,4,3.66666666666667,2.5,.589710652135887
5,4,4,4,4,4,4,4,4,4,3,4,4,4,4,4,4,2,2,.342174556461357,.28606611975213,-.224071556482617,.242396004852909,-.890054071017358,.371717493258012,.28137878804436,.215991068008333,.322073185234076,.278957742748701,.110118004729395,.219493801191899,.177022034233782,-.956923419633225,.174433568600519,.233833838027752,.0733235575106761,.324237351499607,0,4,4,3.66666666666667,4,.573498052801819
3,4,3,3,4,3,4,3,4,3,3,3,3,4,3,4,3,4,3,-.509557044339606,-.629228687286884,-.701184981668493,-.756424656805215,-.0936929725041297,-.675849987741839,-.808964015627527,.215991068008333,-.78729000834996,.278957742748701,-1.09470251760397,.219493801191899,-.998910050319196,-.956923419633225,-.984303708531502,-.801716016095154,.0733235575106761,-.792580192554597,0,3.33333333333333,3.33333333333333,3.33333333333333,3.25,.531465556888934
5,2,4,4,3,3,4,4,2,4,4,4,3,2,3,3,4,2,3,-.100196257934496,-.147183139810843,-.583737805048352,-1.09656317414111,-.768892119043481,.371717493258012,.28137878804436,-.93184717912166,-.78729000834996,.278957742748701,.110118004729395,-1.87413937940775,.177022034233782,.198841230053656,.174433568600519,-.801716016095154,-2.1997067253203,-.792580192554597,0,3.66666666666667,3.66666666666667,3.33333333333333,3,.519539052675014
2,3,4,5,3,2,4,5,4,4,4,5,4,4,3,4,4,5,3,.347181334004729,-.098386851897775,.237266564394729,.267148770500421,.65573765648423,.371717493258012,1.37172159171625,-.93184717912166,-1.896653201934,.278957742748701,1.31493852706276,.219493801191899,.177022034233782,.198841230053656,1.33317084573254,.233833838027752,.0733235575106761,-.792580192554597,0,4,3.66666666666667,4,4,.488745160520685
5,3,3,3,4,2,4,5,5,3,3,4,4,3,3,5,4,3,5,-.509557044339606,-.098386851897775,-.290682796946952,-.424692186950537,1.04403947693619,-.675849987741839,-.808964015627527,.215991068008333,-1.896653201934,.278957742748701,1.31493852706276,1.26631039149172,-.998910050319196,-.956923419633225,.174433568600519,.233833838027752,-1.06319158390481,-.792580192554597,0,3.33333333333333,3.66666666666667,3.66666666666667,3.5,.465702704084353
3,5,2,4,4,3,3,4,2,4,4,4,4,5,4,1,5,3,5,-.466533461262119,-.649928813076028,-.583737805048352,.586389163115193,.222862413892631,-1.72341746874169,.28137878804436,.215991068008333,-.78729000834996,-.927696679373592,.110118004729395,-1.87413937940775,.177022034233782,.198841230053656,.174433568600519,.233833838027752,1.20983869892616,.324237351499607,0,3.33333333333333,3.33333333333333,3.33333333333333,4.25,.46261314797759
4,2,4,4,3,4,4,4,4,4,4,4,3,4,4,4,4,3,4,-.100196257934496,.28606611975213,.237266564394729,-.0854818240753787,.325206015768122,.371717493258012,.28137878804436,-.93184717912166,.322073185234076,.278957742748701,.110118004729395,.219493801191899,.177022034233782,.198841230053656,.174433568600519,-.801716016095154,.0733235575106761,.324237351499607,0,3.66666666666667,4,4,3.75,.349039870540698
5,3,2,4,5,3,5,4,4,4,4,4,4,4,4,4,5,3,3,-.024162646866266,.355562533454342,.237266564394729,.242396004852909,.279374264541972,-1.72341746874169,.28137878804436,1.36382931513833,-.78729000834996,1.48561216487099,.110118004729395,.219493801191899,.177022034233782,.198841230053656,.174433568600519,.233833838027752,.0733235575106761,.324237351499607,0,3.66666666666667,4,4,4,.335769298587958
2,2,3,4,3,4,3,4,3,4,4,4,3,4,3,4,3,4,3,-.504550266796234,-.216679553513055,-.173235620326811,-.408576857616541,-.0936929725041297,-.675849987741839,.28137878804436,-.93184717912166,.322073185234076,-.927696679373592,.110118004729395,-.827322789107926,.177022034233782,.198841230053656,.174433568600519,-.801716016095154,.0733235575106761,-.792580192554597,0,3.33333333333333,3.66666666666667,3.66666666666667,3.5,.330212551812673
5,2,3,3,4,4,3,4,4,4,3,3,3,3,3,2,4,4,4,-.509557044339606,-.216679553513055,-.224071556482617,-1.1004178150675,.102799180217474,-.675849987741839,-.808964015627527,.215991068008333,.322073185234076,-.927696679373592,.110118004729395,.219493801191899,.177022034233782,-.956923419633225,-.984303708531502,-.801716016095154,-1.06319158390481,-.792580192554597,0,3.33333333333333,3.66666666666667,3.66666666666667,3,.32637508352447
5,3,3,4,4,4,4,4,4,4,4,4,3,2,3,3,3,3,3,-.0621794524003811,.28606611975213,.237266564394729,-1.09656317414111,-.767793400744763,-.675849987741839,.28137878804436,.215991068008333,.322073185234076,.278957742748701,.110118004729395,.219493801191899,.177022034233782,.198841230053656,.174433568600519,-.801716016095154,-2.1997067253203,-.792580192554597,0,3.66666666666667,4,4,3,.290786339061664
3,5,3,4,4,4,4,4,4,4,4,4,4,4,4,3,4,2,3,-.0621794524003811,.28606611975213,.237266564394729,.242396004852909,-.768892119043481,-.675849987741839,.28137878804436,.215991068008333,.322073185234076,.278957742748701,.110118004729395,.219493801191899,.177022034233782,.198841230053656,.174433568600519,.233833838027752,.0733235575106761,.324237351499607,0,3.66666666666667,4,4,4,.290786339061664
4,3,4,4,3,3,4,4,4,4,4,4,4,4,4,5,4,3,3,-.100196257934496,-.147183139810843,.237266564394729,.242396004852909,.204044063794246,.371717493258012,.28137878804436,-.93184717912166,-.78729000834996,.278957742748701,.110118004729395,.219493801191899,.177022034233782,.198841230053656,.174433568600519,.233833838027752,.0733235575106761,.324237351499607,0,3.66666666666667,3.66666666666667,4,4,.263551748247727
5,5,3,4,4,3,4,4,4,4,4,4,5,4,4,3,4,3,3,-.0621794524003811,-.147183139810843,.237266564394729,.570273833781197,-.393627445399942,-.675849987741839,.28137878804436,.215991068008333,-.78729000834996,.278957742748701,.110118004729395,.219493801191899,.177022034233782,.198841230053656,.174433568600519,1.26938369215066,.0733235575106761,.324237351499607,0,3.66666666666667,3.66666666666667,4,4.25,.252701904115295
5,2,3,4,4,3,4,4,4,4,4,4,4,4,3,2,4,3,4,-.0621794524003811,-.147183139810843,.237266564394729,-.080699028688253,-.272465493426066,-.675849987741839,.28137878804436,.215991068008333,-.78729000834996,.278957742748701,.110118004729395,.219493801191899,.177022034233782,.198841230053656,.174433568600519,.233833838027752,.0733235575106761,-.792580192554597,0,3.66666666666667,3.66666666666667,4,3.75,.252701904115295
3,2,3,5,4,4,3,5,4,5,3,3,2,2,3,4,3,5,4,.385198139538844,.265365993962985,.253041868703259,-1.77228880225807,.70156940771038,-.675849987741839,1.37172159171625,.215991068008333,.322073185234076,-.927696679373592,1.31493852706276,.219493801191899,1.35295411878676,-.956923419633225,-.984303708531502,-1.83726587021806,-2.1997067253203,-.792580192554597,0,4,4,4,2.5,.150085177668784
4,4,4,4,4,4,4,4,4,4,4,4,4,4,4,4,4,4,4,.342174556461357,.28606611975213,.237266564394729,.242396004852909,.700470689411661,.371717493258012,.28137878804436,.215991068008333,.322073185234076,.278957742748701,.110118004729395,.219493801191899,.177022034233782,.198841230053656,.174433568600519,.233833838027752,.0733235575106761,.324237351499607,0,4,4,4,4,.118938547528415
4,1,4,4,4,4,4,4,4,4,4,4,5,4,4,3,3,3,4,.342174556461357,.28606611975213,.237266564394729,.570273833781197,-.347795694173792,.371717493258012,.28137878804436,.215991068008333,.322073185234076,.278957742748701,.110118004729395,.219493801191899,.177022034233782,.198841230053656,.174433568600519,1.26938369215066,.0733235575106761,.324237351499607,0,4,4,4,4.25,.118938547528415
2,1,4,4,4,4,4,4,4,4,4,4,4,4,4,4,4,4,4,.342174556461357,.28606611975213,.237266564394729,.242396004852909,.700470689411661,.371717493258012,.28137878804436,.215991068008333,.322073185234076,.278957742748701,.110118004729395,.219493801191899,.177022034233782,.198841230053656,.174433568600519,.233833838027752,.0733235575106761,.324237351499607,0,4,4,4,4,.118938547528415
4,4,4,4,4,4,4,4,4,4,4,4,4,4,4,4,4,4,4,.342174556461357,.28606611975213,.237266564394729,.242396004852909,.700470689411661,.371717493258012,.28137878804436,.215991068008333,.322073185234076,.278957742748701,.110118004729395,.219493801191899,.177022034233782,.198841230053656,.174433568600519,.233833838027752,.0733235575106761,.324237351499607,0,4,4,4,4,.118938547528415
4,3,4,4,4,4,4,4,4,4,4,4,4,4,4,4,4,4,4,.342174556461357,.28606611975213,.237266564394729,.242396004852909,.700470689411661,.371717493258012,.28137878804436,.215991068008333,.322073185234076,.278957742748701,.110118004729395,.219493801191899,.177022034233782,.198841230053656,.174433568600519,.233833838027752,.0733235575106761,.324237351499607,0,4,4,4,4,.118938547528415
3,4,4,4,4,4,4,4,4,4,4,4,4,4,4,4,4,4,5,.342174556461357,.28606611975213,.237266564394729,.242396004852909,1.12046839598263,.371717493258012,.28137878804436,.215991068008333,.322073185234076,.278957742748701,.110118004729395,.219493801191899,.177022034233782,.198841230053656,.174433568600519,.233833838027752,.0733235575106761,.324237351499607,0,4,4,4,4,.118938547528415
4,2,4,4,4,4,4,4,4,4,4,4,4,5,4,4,4,3,4,.342174556461357,.28606611975213,.237266564394729,.586389163115193,.325206015768122,.371717493258012,.28137878804436,.215991068008333,.322073185234076,.278957742748701,.110118004729395,.219493801191899,.177022034233782,.198841230053656,.174433568600519,.233833838027752,1.20983869892616,.324237351499607,0,4,4,4,4.25,.118938547528415
4,4,4,4,4,4,4,4,4,4,4,4,4,4,5,5,4,3,4,.342174556461357,.28606611975213,.237266564394729,.565491038394072,.624041770365216,.371717493258012,.28137878804436,.215991068008333,.322073185234076,.278957742748701,.110118004729395,.219493801191899,.177022034233782,.198841230053656,.174433568600519,.233833838027752,.0733235575106761,1.44105489555381,0,4,4,4,4.25,.118938547528415
2,3,4,4,4,4,4,4,4,4,4,4,4,4,4,3,3,3,3,.342174556461357,.28606611975213,.237266564394729,.242396004852909,-.767793400744763,.371717493258012,.28137878804436,.215991068008333,.322073185234076,.278957742748701,.110118004729395,.219493801191899,.177022034233782,.198841230053656,.174433568600519,.233833838027752,.0733235575106761,.324237351499607,0,4,4,4,4,.118938547528415
2,5,4,4,4,4,4,4,4,4,4,4,4,4,4,4,4,4,3,.342174556461357,.28606611975213,.237266564394729,.242396004852909,.280472982840691,.371717493258012,.28137878804436,.215991068008333,.322073185234076,.278957742748701,.110118004729395,.219493801191899,.177022034233782,.198841230053656,.174433568600519,.233833838027752,.0733235575106761,.324237351499607,0,4,4,4,4,.118938547528415
4,4,4,4,4,4,4,4,4,4,4,4,4,4,3,4,3,3,3,.342174556461357,.28606611975213,.237266564394729,-.080699028688253,-.468957646147669,.371717493258012,.28137878804436,.215991068008333,.322073185234076,.278957742748701,.110118004729395,.219493801191899,.177022034233782,.198841230053656,.174433568600519,.233833838027752,.0733235575106761,-.792580192554597,0,4,4,4,3.75,.118938547528415
4,4,4,4,4,4,4,4,4,4,4,4,4,4,3,3,3,3,3,.342174556461357,.28606611975213,.237266564394729,-.080699028688253,-.767793400744763,.371717493258012,.28137878804436,.215991068008333,.322073185234076,.278957742748701,.110118004729395,.219493801191899,.177022034233782,.198841230053656,.174433568600519,.233833838027752,.0733235575106761,-.792580192554597,0,4,4,4,3.75,.118938547528415
2,4,3,4,4,4,3,4,4,3,4,4,4,4,4,4,4,4,4,-.0621794524003811,-.216679553513055,-.239846860791146,.242396004852909,.700470689411661,-.675849987741839,.28137878804436,.215991068008333,.322073185234076,-.927696679373592,.110118004729395,.219493801191899,-.998910050319196,.198841230053656,.174433568600519,.233833838027752,.0733235575106761,.324237351499607,0,3.66666666666667,3.66666666666667,3.66666666666667,4,.10034360655317
4,3,3,4,4,4,3,4,3,4,4,3,3,3,4,3,4,4,3,-.0621794524003811,-.216679553513055,-.173235620326811,-.777322781526337,-.0183627717564029,-.675849987741839,.28137878804436,.215991068008333,.322073185234076,-.927696679373592,.110118004729395,-.827322789107926,.177022034233782,.198841230053656,-.984303708531502,-.801716016095154,-1.06319158390481,.324237351499607,0,3.66666666666667,3.66666666666667,3.66666666666667,3.25,.0762518000879996
